id;external_id;name;description;enabled;created_at;updated_at
1;21430;vaguely drat analyse;likewise summarise;false;2023-12-31T15:22:32;2023-12-31T04:38:14
2;20964;above yippee rapidly;esteemed gratefully surprisingly;false;2023-12-31T21:38:27;2023-12-31T16:18:24
3;18929;rationalise;verify bookend;true;2023-12-31T09:43:24;2023-12-31T02:43:02
4;13428;glisten;up;true;2023-12-31T17:25:16;2023-12-31T07:46:38
5;15280;better kosher;by emboss suspiciously;true;2023-12-31T22:53:34;2023-12-31T04:48:20
6;2836;around enlightened provision;underneath;false;2023-12-31T16:34:34;2023-12-31T08:50:27
7;20563;almighty than;eek arrogantly woefully;true;2023-12-31T17:00:09;2023-12-31T23:00:28
8;816;beautifully;male aw blah;false;2023-12-31T15:44:41;2023-12-31T20:12:53
9;5610;why frightfully;because if yum;true;2023-12-31T15:41:15;2023-12-31T04:01:28
10;21082;ha punctually;cake lazily;false;2023-12-31T10:25:00;2023-12-31T08:18:50
11;4573;how after yum;beyond utterly hence;true;2023-12-31T14:36:01;2024-01-01T00:28:53
12;21983;reword through;throughout since reproach;true;2023-12-31T20:43:08;2023-12-31T08:37:45
13;6769;outfit along by;even;false;2023-12-31T04:17:20;2023-12-31T06:36:05
14;3858;plagiarise;recovery questioningly;true;2023-12-31T04:52:03;2023-12-31T22:20:30
15;3081;curry energetic;eek squid;true;2023-12-31T22:39:34;2023-12-31T18:52:58
16;8119;strange owlishly;revere;false;2023-12-31T12:41:09;2023-12-31T03:05:03
17;20427;silky;after tuba;true;2023-12-31T13:02:14;2023-12-31T09:09:41
18;19545;given eke;pasta;true;2023-12-31T22:29:27;2023-12-31T15:02:06
19;16380;meh;little meanwhile pish;false;2023-12-31T11:04:01;2024-01-01T01:43:34
20;20518;draw pfft gleefully;mooch whoever svelte;true;2023-12-31T04:41:31;2023-12-31T10:13:22
21;8275;though to ick;mean bustling and;true;2023-12-31T20:00:00;2023-12-31T15:13:12
22;10091;dearest phooey;arrange luck whether;true;2023-12-31T20:24:24;2023-12-31T07:19:56
23;11882;oxidize besides deeply;carelessly er polished;false;2023-12-31T02:38:04;2023-12-31T08:43:15
24;14923;infinite;frankly than however;false;2023-12-31T18:57:38;2023-12-31T15:36:34
25;20618;mmm;maroon sweetly;true;2023-12-31T09:42:43;2023-12-31T19:40:54
26;2401;larva quintuple;unto readily mmm;false;2023-12-31T16:51:31;2023-12-31T10:36:42
27;1640;diversity far-off;scarcely;true;2023-12-31T04:01:46;2023-12-31T03:37:55
28;24356;unhappy equally industrialize;failing outsource;false;2023-12-31T22:21:06;2023-12-31T11:08:40
29;28070;or ironclad amongst;ack deform;false;2023-12-31T07:11:43;2024-01-01T02:26:44
30;31443;indeed snappy;rejigger;true;2023-12-31T12:08:47;2023-12-31T14:12:21
