id;external_id;first_name;last_name;enabled;created_at;updated_at;category_id
1;28451;Rosario;Serna Segovia;false;2023-12-31T04:39:09;2023-12-31T18:56:44;1
2;9867;Mario;Valle Ocampo;false;2023-12-31T15:53:42;2023-12-31T14:19:44;2
3;20299;Enrique;Crespo Rincón;false;2023-12-31T22:51:07;2023-12-31T15:56:56;3
4;20857;Andrés;Meléndez León;false;2023-12-31T07:39:56;2023-12-31T09:44:48;4
5;27671;María Luisa;Carrillo Cepeda;false;2024-01-01T00:43:52;2024-01-01T02:09:37;5
6;24546;Mariana;Gallardo Badillo;true;2024-01-01T01:44:53;2023-12-31T07:33:41;6
7;20519;Óscar;Quiñones Alfaro;false;2023-12-31T03:34:21;2023-12-31T10:45:26;7
8;24061;Susana;Vázquez Colón;false;2023-12-31T06:35:14;2024-01-01T01:48:07;8
9;31540;Cristóbal;Galindo Olivares;false;2023-12-31T14:25:29;2023-12-31T18:28:16;9
10;30974;Victoria;Parra Niño;false;2023-12-31T16:55:35;2023-12-31T23:31:04;10
11;8138;Clemente;Barreto Campos;false;2023-12-31T07:05:22;2023-12-31T07:49:18;11
12;26145;Rosa;Gamboa Valdivia;false;2024-01-01T01:10:11;2023-12-31T17:54:08;12
13;25072;Gloria;Olmos Rojas;true;2024-01-01T00:15:36;2023-12-31T17:20:56;13
14;31092;Mercedes;Olvera Tapia;false;2023-12-31T08:45:16;2023-12-31T07:55:59;14
15;13408;Pedro;Rico Mota;true;2023-12-31T17:50:05;2023-12-31T06:10:07;15
16;29584;Manuela;Lebrón Gaitán;true;2023-12-31T19:03:57;2023-12-31T06:24:14;16
17;26039;Jesús;Carmona Benítez;true;2023-12-31T06:26:57;2023-12-31T04:22:27;17
18;25168;Carolina;Gaytán Báez;true;2023-12-31T16:02:00;2023-12-31T21:36:11;18
19;25888;Carlota;Robledo Argüello;false;2023-12-31T03:12:07;2023-12-31T09:46:58;19
20;9289;Alfredo;López Barrera;false;2023-12-31T11:45:14;2023-12-31T04:11:07;20
21;856;Mario;Valdivia Candelaria;true;2023-12-31T04:00:44;2023-12-31T20:23:37;21
22;25019;Virginia;Regalado Brito;false;2023-12-31T20:41:42;2024-01-01T01:27:44;22
23;19411;José María;Delacrúz Pulido;true;2023-12-31T20:38:10;2023-12-31T20:50:58;23
24;29975;Cristián;Armendáriz Santillán;true;2023-12-31T03:17:52;2023-12-31T05:19:26;24
25;9405;Pedro;Gastélum Tórrez;true;2023-12-31T23:56:50;2023-12-31T09:38:04;25
26;20592;Rocío;Carrera Botello;false;2023-12-31T08:50:48;2023-12-31T03:08:51;26
27;14540;Joaquín;Fajardo Espino;true;2023-12-31T12:24:13;2023-12-31T14:04:23;27
28;20123;Arturo;Miramontes Palomo;false;2024-01-01T00:44:21;2023-12-31T13:57:03;28
29;7490;Gregorio;Castillo Mares;false;2023-12-31T20:22:13;2023-12-31T09:16:34;29
30;17487;Carmen;Benavides Alcántar;false;2023-12-31T16:56:53;2023-12-31T21:48:47;30
