id;external_id;day_of_week;start_time;end_time;slot_duration_minutes;enabled;created_at;updated_at;professional_id
1;2752;TUESDAY;03:57:00;03:24:00;26516;true;2023-12-31T05:15:26;2023-12-31T05:36:06;1
2;17045;THURSDAY;20:19:00;15:43:00;26067;true;2023-12-31T17:08:26;2023-12-31T13:17:00;2
3;6059;SATURDAY;15:51:00;22:03:00;15913;false;2023-12-31T05:13:36;2023-12-31T22:44:15;3
4;7237;SATURDAY;22:04:00;14:56:00;28453;false;2023-12-31T18:06:54;2023-12-31T14:53:54;4
5;25293;SUNDAY;08:06:00;23:44:00;17064;true;2023-12-31T13:46:31;2023-12-31T17:16:50;5
6;1341;THURSDAY;22:00:00;10:27:00;12284;true;2023-12-31T13:13:52;2023-12-31T08:08:04;6
7;18148;MONDAY;16:13:00;07:28:00;11346;true;2023-12-31T05:51:40;2023-12-31T22:29:50;7
8;24358;MONDAY;13:24:00;10:06:00;32460;false;2024-01-01T02:23:54;2023-12-31T22:56:08;8
9;18919;MONDAY;16:11:00;23:40:00;13876;false;2023-12-31T07:30:53;2023-12-31T06:59:42;9
10;27605;SATURDAY;17:57:00;07:42:00;28061;true;2023-12-31T18:33:22;2023-12-31T08:41:27;10
11;29789;FRIDAY;20:00:00;13:03:00;339;false;2024-01-01T01:14:43;2023-12-31T13:03:58;11
12;668;SATURDAY;15:55:00;21:43:00;1856;true;2023-12-31T20:55:00;2023-12-31T02:38:37;12
13;18542;THURSDAY;06:22:00;02:10:00;1622;true;2023-12-31T02:38:12;2023-12-31T22:53:26;13
14;2285;THURSDAY;20:12:00;16:29:00;5053;false;2023-12-31T11:25:11;2023-12-31T05:45:25;14
15;24034;SUNDAY;05:06:00;11:19:00;11096;false;2023-12-31T14:06:23;2023-12-31T11:56:33;15
16;26282;WEDNESDAY;21:17:00;04:20:00;2271;true;2023-12-31T19:59:11;2024-01-01T01:34:49;16
17;22198;THURSDAY;21:59:00;10:49:00;32025;true;2024-01-01T00:07:11;2023-12-31T12:26:50;17
18;30428;TUESDAY;10:25:00;00:40:00;20089;false;2023-12-31T09:44:16;2023-12-31T20:04:30;18
19;7226;TUESDAY;15:06:00;01:28:00;15668;true;2023-12-31T10:55:45;2023-12-31T12:33:44;19
20;5923;WEDNESDAY;15:51:00;05:45:00;32606;true;2023-12-31T18:41:49;2023-12-31T14:16:23;20
21;19892;SATURDAY;18:18:00;10:51:00;23912;true;2023-12-31T17:21:16;2023-12-31T23:57:01;21
22;29289;THURSDAY;11:03:00;04:14:00;1071;false;2023-12-31T12:10:23;2024-01-01T00:05:31;22
23;17957;SUNDAY;03:36:00;06:15:00;2799;true;2023-12-31T11:13:34;2023-12-31T09:07:23;23
24;32506;TUESDAY;16:33:00;19:06:00;26430;true;2023-12-31T15:02:57;2023-12-31T18:33:16;24
25;4711;WEDNESDAY;10:57:00;07:10:00;10538;false;2023-12-31T06:32:12;2023-12-31T06:38:33;25
26;10223;SATURDAY;22:21:00;12:19:00;22721;false;2023-12-31T16:47:50;2023-12-31T09:12:29;26
27;27421;MONDAY;22:42:00;16:09:00;30043;false;2023-12-31T08:22:07;2023-12-31T16:12:24;27
28;16581;SATURDAY;02:50:00;10:04:00;28700;true;2024-01-01T01:02:10;2023-12-31T20:11:01;28
29;23594;SUNDAY;10:31:00;14:08:00;27451;true;2023-12-31T11:31:59;2023-12-31T13:50:33;29
30;21329;WEDNESDAY;10:15:00;04:14:00;10697;true;2023-12-31T17:01:39;2023-12-31T17:56:46;30
